{
  "PAV14591.1": [
    {
      "start": 0,
      "end": 54,
      "max_probability": 0.9105963110923767,
      "mean_probability": 0.9042985439300537
    }
  ],
  "PAV14592.1": [
    {
      "start": 0,
      "end": 56,
      "max_probability": 0.9127376079559326,
      "mean_probability": 0.8971072435379028
    }
  ],
  "PAV14610.1": [
    {
      "start": 0,
      "end": 52,
      "max_probability": 0.8972733020782471,
      "mean_probability": 0.8854706883430481
    }
  ],
  "PAV14611.1": [
    {
      "start": 0,
      "end": 56,
      "max_probability": 0.9022841453552246,
      "mean_probability": 0.892572283744812
    }
  ],
  "PAV14612.1": [
    {
      "start": 0,
      "end": 60,
      "max_probability": 0.9050784111022949,
      "mean_probability": 0.8920907378196716
    }
  ],
  "PAV14633.1": [
    {
      "start": 214,
      "end": 290,
      "max_probability": 0.9275493621826172,
      "mean_probability": 0.9001259803771973
    }
  ],
  "PAV14635.1": [
    {
      "start": 4,
      "end": 58,
      "max_probability": 0.8461356163024902,
      "mean_probability": 0.8381956815719604
    }
  ],
  "PAV14636.1": [
    {
      "start": 0,
      "end": 52,
      "max_probability": 0.8713217377662659,
      "mean_probability": 0.8685325980186462
    }
  ],
  "PAV14637.1": [
    {
      "start": 2,
      "end": 58,
      "max_probability": 0.8853808045387268,
      "mean_probability": 0.8678373694419861
    }
  ],
  "PAV14640.1": [
    {
      "start": 0,
      "end": 56,
      "max_probability": 0.9066538214683533,
      "mean_probability": 0.9015618562698364
    }
  ],
  "PAV14651.1": [
    {
      "start": 0,
      "end": 44,
      "max_probability": 0.8668381571769714,
      "mean_probability": 0.8625319004058838
    }
  ],
  "PAV14655.1": [
    {
      "start": 0,
      "end": 46,
      "max_probability": 0.8757079839706421,
      "mean_probability": 0.8720273375511169
    }
  ],
  "PAV14658.1": [
    {
      "start": 0,
      "end": 60,
      "max_probability": 0.8739933371543884,
      "mean_probability": 0.8470121026039124
    }
  ],
  "PAV14672.1": [
    {
      "start": 2,
      "end": 48,
      "max_probability": 0.8600729703903198,
      "mean_probability": 0.8520711064338684
    }
  ],
  "PAV14676.1": [
    {
      "start": 0,
      "end": 40,
      "max_probability": 0.8259685039520264,
      "mean_probability": 0.8259685635566711
    }
  ],
  "PAV14678.1": [
    {
      "start": 0,
      "end": 52,
      "max_probability": 0.8935657739639282,
      "mean_probability": 0.8793010115623474
    }
  ],
  "PAV14684.1": [
    {
      "start": 0,
      "end": 54,
      "max_probability": 0.8808677196502686,
      "mean_probability": 0.8720301389694214
    }
  ],
  "PAV14687.1": [
    {
      "start": 0,
      "end": 46,
      "max_probability": 0.8698664903640747,
      "mean_probability": 0.8617591261863708
    }
  ],
  "PAV14701.1": [
    {
      "start": 2,
      "end": 46,
      "max_probability": 0.8465872406959534,
      "mean_probability": 0.8447379469871521
    }
  ],
  "PAV14704.1": [
    {
      "start": 0,
      "end": 48,
      "max_probability": 0.8918806910514832,
      "mean_probability": 0.8846729397773743
    }
  ],
  "PAV14707.1": [
    {
      "start": 0,
      "end": 48,
      "max_probability": 0.8883548974990845,
      "mean_probability": 0.8848207592964172
    }
  ],
  "PAV14710.1": [
    {
      "start": 0,
      "end": 58,
      "max_probability": 0.9100376963615417,
      "mean_probability": 0.8967276215553284
    }
  ],
  "PAV14712.1": [
    {
      "start": 0,
      "end": 48,
      "max_probability": 0.7944056987762451,
      "mean_probability": 0.7909814715385437
    }
  ],
  "PAV14715.1": [
    {
      "start": 0,
      "end": 48,
      "max_probability": 0.8918806910514832,
      "mean_probability": 0.8846729397773743
    }
  ],
  "PAV14720.1": [
    {
      "start": 2,
      "end": 42,
      "max_probability": 0.7744150757789612,
      "mean_probability": 0.7744150757789612
    }
  ],
  "PAV14723.1": [
    {
      "start": 0,
      "end": 48,
      "max_probability": 0.8955297470092773,
      "mean_probability": 0.8878622055053711
    }
  ],
  "PAV14727.1": [
    {
      "start": 140,
      "end": 194,
      "max_probability": 0.8435469269752502,
      "mean_probability": 0.8383288383483887
    }
  ],
  "PAV15220.1": [
    {
      "start": 2,
      "end": 42,
      "max_probability": 0.7528896331787109,
      "mean_probability": 0.7528896331787109
    }
  ],
  "PAV15221.1": [
    {
      "start": 106,
      "end": 164,
      "max_probability": 0.8412843942642212,
      "mean_probability": 0.8348872661590576
    }
  ],
  "PAV15238.1": [
    {
      "start": 740,
      "end": 788,
      "max_probability": 0.8940694332122803,
      "mean_probability": 0.883012592792511
    }
  ],
  "PAV15504.1": [
    {
      "start": 60,
      "end": 100,
      "max_probability": 0.8873884081840515,
      "mean_probability": 0.8873884081840515
    }
  ],
  "PAV15717.1": [
    {
      "start": 164,
      "end": 214,
      "max_probability": 0.832490086555481,
      "mean_probability": 0.8282994031906128
    }
  ],
  "PAV15718.1": [
    {
      "start": 90,
      "end": 136,
      "max_probability": 0.8254107236862183,
      "mean_probability": 0.8176659941673279
    }
  ],
  "PAV15787.1": [
    {
      "start": 0,
      "end": 46,
      "max_probability": 0.8211260437965393,
      "mean_probability": 0.8201537132263184
    }
  ],
  "PAV15869.1": [
    {
      "start": 498,
      "end": 538,
      "max_probability": 0.8011621832847595,
      "mean_probability": 0.8011621236801147
    }
  ],
  "PAV16838.1": [
    {
      "start": 244,
      "end": 302,
      "max_probability": 0.8153404593467712,
      "mean_probability": 0.8027048707008362
    }
  ],
  "PAV17012.1": [
    {
      "start": 2040,
      "end": 2080,
      "max_probability": 0.7983757853507996,
      "mean_probability": 0.7983757853507996
    }
  ],
  "PAV17354.1": [
    {
      "start": 0,
      "end": 40,
      "max_probability": 0.8287900686264038,
      "mean_probability": 0.8287900686264038
    }
  ],
  "PAV17355.1": [
    {
      "start": 0,
      "end": 44,
      "max_probability": 0.8777581453323364,
      "mean_probability": 0.877755343914032
    }
  ],
  "PAV17359.1": [
    {
      "start": 0,
      "end": 56,
      "max_probability": 0.8923588991165161,
      "mean_probability": 0.8646420240402222
    }
  ],
  "PAV17360.1": [
    {
      "start": 0,
      "end": 44,
      "max_probability": 0.8748975396156311,
      "mean_probability": 0.8730954527854919
    }
  ],
  "PAV17361.1": [
    {
      "start": 0,
      "end": 56,
      "max_probability": 0.9143809676170349,
      "mean_probability": 0.9019343256950378
    }
  ],
  "PAV17362.1": [
    {
      "start": 0,
      "end": 56,
      "max_probability": 0.9074258208274841,
      "mean_probability": 0.8878949284553528
    }
  ],
  "PAV17363.1": [
    {
      "start": 0,
      "end": 58,
      "max_probability": 0.9161484837532043,
      "mean_probability": 0.8989208340644836
    }
  ],
  "PAV17364.1": [
    {
      "start": 0,
      "end": 58,
      "max_probability": 0.9030713438987732,
      "mean_probability": 0.884976863861084
    }
  ],
  "PAV17365.1": [
    {
      "start": 0,
      "end": 52,
      "max_probability": 0.8984497785568237,
      "mean_probability": 0.8885496854782104
    }
  ],
  "PAV17371.1": [
    {
      "start": 0,
      "end": 56,
      "max_probability": 0.9025071263313293,
      "mean_probability": 0.8873201608657837
    }
  ],
  "PAV17372.1": [
    {
      "start": 10,
      "end": 78,
      "max_probability": 0.9146709442138672,
      "mean_probability": 0.8895173668861389
    }
  ],
  "PAV17373.1": [
    {
      "start": 0,
      "end": 62,
      "max_probability": 0.8921278715133667,
      "mean_probability": 0.8658550381660461
    }
  ],
  "PAV17374.1": [
    {
      "start": 10,
      "end": 80,
      "max_probability": 0.9154040217399597,