{
  "DisProt|DP00001|uniprot|Q9HFQ6|sp|RLA3_CANAL": 5.669244974945157e-10,
  "DisProt|DP00002|uniprot|P02400|sp|RLA4_YEAST": 5.420627006552842e-10,
  "DisProt|DP00004_C002|uniprot|P49913|unigene|Hs.51120|sp|CAMP_HUMAN": 6.477343326428622e-08,
  "DisProt|DP00005|uniprot|P03045|sp|REGN_LAMBD": 4.883137718674559e-15,
  "DisProt|DP00006|uniprot|P00004|unigene|Eca.1571|sp|CYC_HORSE": 2.186389397645096e-10,
  "DisProt|DP00024|uniprot|P03129|sp|VE7_HPV16": 7.684687404677147e-10,
  "DisProt|DP00027|uniprot|P26477|sp|FLGM_SALTY": 5.709916321489733e-09,
  "DisProt|DP00028|uniprot|Q13541|unigene|Hs.411641|sp|4EBP1_HUMAN": 2.018908307489869e-09,
  "DisProt|DP00040|uniprot|P17096|unigene|Hs.518805|sp|HMGA1_HUMAN": 1.5834972705961242e-11,
  "DisProt|DP00057|uniprot|P15340|sp|HSP1_CHICK": 1.2306382857270005e-12,
  "DisProt|DP00058|uniprot|P06302|unigene|Rn.817|sp|PTMA_RAT": 1.7552558840316742e-11,
  "DisProt|DP00116|uniprot|P81455|sp|OSTCN_CANFA": 1.981132228342927e-08,
  "DisProt|DP00140|uniprot|P0A7L8|sp|RL27_ECOLI": 1.9280468416711362e-07,
  "DisProt|DP00143|uniprot|P0A7N9|sp|RL33_ECOLI": 1.4366994789982957e-05,
  "DisProt|DP00145|uniprot|P0A7S3|sp|RS12_ECOLI": 5.8237235151614705e-09,
  "DisProt|DP00146|uniprot|P0A7T7|sp|RS18_ECOLI": 2.5747007570762942e-08,
  "DisProt|DP00147|uniprot|P0A7U3|sp|RS19_ECOLI": 2.674257150274359e-08,
  "DisProt|DP00148_C004|uniprot|P03347|sp|GAG_HV1B1": 3.0742071308433323e-12,
  "DisProt|DP00158|uniprot|P73124|sp|P73124_SYNY3": 5.205856269623356e-13,
  "DisProt|DP00164|uniprot|P05318|sp|RLA1_YEAST": 6.527862681782252e-10,
  "DisProt|DP00174|uniprot|P16949|unigene|Hs.209983|sp|STMN1_HUMAN": 1.5479415854556207e-09,
  "DisProt|DP00180_C003|uniprot|P19972|sp|TOXK_PICFA": 4.436488429240489e-19,
  "DisProt|DP00185|uniprot|P93165|unigene|Gma.10|sp|P93165_SOYBN": 1.5422627174820265e-06,
  "DisProt|DP00186|uniprot|Q95V77|sp|LEA1_APHAV": 3.7647160059733296e-10,
  "DisProt|DP00195|uniprot|P02313|unigene|Bt.1758|sp|HMGN2_BOVIN": 1.1535246430646363e-09,
  "DisProt|DP00205|uniprot|Q82S91|sp|SMBP_NITEU": 2.370870296855703e-10,
  "DisProt|DP00216|uniprot|Q9FUM5|sp|Q9FUM5_BRANA": 4.241639542163176e-07,
  "DisProt|DP00219|uniprot|O60927|unigene|Hs.82887|sp|PP1RB_HUMAN": 7.07395103289456e-11,
  "DisProt|DP00242|uniprot|P0AG63|sp|RS17_ECOLI": 2.0670497233851717e-08,
  "DisProt|DP00347|uniprot|P04972|unigene|Bt.54|sp|CNRG_BOVIN": 1.3837211707847115e-16,
  "DisProt|DP00357|uniprot|P62328|unigene|Hs.522584|sp|TYB4_HUMAN": 2.0957910460505813e-09,
  "DisProt|DP00372|uniprot|Q9NR00|unigene|Hs.591849|sp|CH004_HUMAN": 9.6091296034516e-20,
  "DisProt|DP00387|uniprot|P25814|sp|RNPA_BACSU": 5.6853911660591153e-11,
  "DisProt|DP00465|uniprot|Q57696|sp|Y246_METJA": 2.6340941280708286e-09,
  "DisProt|DP00510|uniprot|O60356|unigene|Hs.513463|sp|NUPR1_HUMAN": 1.7183680617531307e-16,
  "DisProt|DP00531|uniprot|Q08655|unigene|Les.17636|sp|ASR1_SOLLC": 3.840797976952468e-08,
  "DisProt|DP00532|uniprot|Q8GT36|sp|Q8GT36_SPIOL": 8.445920863491584e-09,
  "DisProt|DP00538|uniprot|A8CDV5|sp|A8CDV5_EBVG": 3.186344511783029e-16,
  "DisProt|DP00544|uniprot|B0FRH7|sp|LLPH_APLKU": 4.5691656706322855e-11,
  "DisProt|DP00550|uniprot|P02628|sp|PRVA_ESOLU": 9.59251681704653e-09,
  "DisProt|DP00555|uniprot|Q16143|unigene|Hs.90297|sp|SYUB_HUMAN": 2.5102498278252884e-09,
  "DisProt|DP00586|uniprot|P01094|sp|IPA3_YEAST": 1.7684382583813623e-13,
  "DisProt|DP00592|uniprot|P48539|unigene|Hs.80296|sp|PCP4_HUMAN": 6.3049373319365095e-09,
  "DisProt|DP00626|uniprot|P0AG11|sp|UMUD_ECOLI": 8.198108369544361e-10,
  "DisProt|DP00630|uniprot|O76070|unigene|Hs.349470|sp|SYUG_HUMAN": 1.0123007266591366e-10,
  "DisProt|DP00650|uniprot|Q1PAB4|sp|Q1PAB4_9HIV1": 2.516271146003872e-19,
  "DisProt|DP00665|uniprot|Q9XES8|unigene|Gma.168|sp|Q9XES8_SOYBN": 8.584938499345876e-14,
  "DisProt|DP00675_C002|uniprot|P19711|sp|POLG_BVDVN": 1.725393357280594e-21
}