{
  "HRAM_PF14479_001_CAP61092.1_260_283": 0.9594864845275879,
  "HRAM_PF14479_001_CCT72929.1_258_282": 0.10072901099920273,
  "HRAM_PF14479_001_CEG02762.1_256_279": 0.9594864845275879,
  "HRAM_PF14479_001_EGU79491.1_223_247": 0.9594911932945251,
  "HRAM_PF14479_001_EKJ74396.1_260_282": 0.9594864845275879,
  "HRAM_PF14479_001_EKJ79122.1_223_247": 0.9594911932945251,
  "HRAM_PF14479_001_EXM20379.1_259_282": 0.9594911932945251,
  "HRAM_PF14479_001_KFY03085.1_250_274": 0.9594864845275879,
  "HRAM_PF14479_001_KIL90043.1_260_283": 0.9594864845275879,
  "HRAM_PF14479_001_KJZ72270.1_222_244": 0.9594864845275879,
  "HRAM_PF14479_001_KXL48427.1_276_298": 0.9576457142829895,
  "HRAM_PF14479_001_KXX79303.1_222_245": 0.9594911932945251,
  "HRAM_PF14479_001_OAA72907.1_246_264": 0.9446592330932617,
  "HRAM_PF14479_001_OPB43885.1_226_249": 0.9594864845275879,
  "HRAM_PF14479_001_OPB43885.1_262_285": 0.9594864845275879,
  "HRAM_PF14479_001_PNP48901.1_225_249": 0.9594911932945251,
  "HRAM_PF14479_001_SCO75793.1_224_246": 0.9594864845275879,
  "HRAM_PF14479_001_SCO78477.1_224_246": 0.9594864845275879,
  "HRAM_PF14479_003_KFX85878.1_181_198": 0.9532068371772766,
  "HRAM_PF14479_003_OBT40522.1_222_238": 0.07864735275506973,
  "HRAM_PF14479_003_OJD10871.1_240_258": 0.005609690677374601,
  "HRAM_PF14479_013_OAQ58135.1_265_281": 0.035246241837739944,
  "HRAM_PF17111_005_EKJ79122.1_266_282": 0.018839452415704727,
  "HRAM_PF17111_005_OAA72907.1_211_229": 0.12936319410800934,
  "HRAM_PF17111_007_EUC39744.1_226_248": 0.9594864845275879,
  "HRAM_PF17111_007_EXJ77534.1_240_263": 0.9594911932945251,
  "PF010040_PF01048_040_CEJ92446.1_376_396": 0.9594911932945251,
  "PF010040_PF01048_040_CRJ82726.1_320_344": 0.9594911932945251,
  "PF010040_PF01048_040_KFY75685.1_234_259": 0.9531200528144836,
  "PP_PF14479_004_EON63735.1_242_260": 0.005609690677374601,
  "PP_PF17107_022_CEF85758.1_247_270": 0.9594864845275879,
  "PP_PF17107_022_ERF75268.1_353_373": 0.9594864845275879,
  "PP_PF17107_022_KFY17841.1_120_144": 0.9594864845275879,
  "PP_PF17107_022_KLO97531.1_247_270": 0.9594864845275879,
  "PP_PF17107_022_KNG47735.1_341_365": 0.9594911932945251,
  "PP_PF17107_022_KOS40824.1_253_276": 0.9594864845275879,
  "PP_PF17107_022_KUM66971.1_268_288": 0.9594864845275879,
  "PP_PF17107_022_KZM25280.1_344_367": 0.9594864845275879,
  "PP_PF17107_022_OQD74237.1_314_337": 0.9594864845275879,
  "PP_PF17107_022_OQD90251.1_342_361": 0.48971182107925415,
  "PP_PF17107_022_OQE24348.1_237_258": 0.9594911932945251,
  "PP_PF17107_022_OTA82916.1_244_267": 0.9560719728469849,
  "PP_PF17107_022_PCD20332.1_246_268": 0.9594864845275879,
  "PP_PF17107_022_PIA96288.1_247_268": 0.9594864845275879,
  "PP_PF17107_022_POR32819.1_246_269": 0.9594864845275879,
  "PP_PF17111_004_KUM62313.1_256_274": 0.005633522756397724,
  "PUASM_PF01048_017_EFQ31725.1_309_327": 0.009080741554498672,
  "PUASM_PF01048_017_EGX43950.1_344_362": 0.005609690677374601,
  "PUASM_PF01048_017_EHK21163.1_338_356": 0.005609690677374601,
  "PUASM_PF01048_017_EWC44494.1_341_359": 0.9576852321624756,
  "PUASM_PF01048_017_OLN95569.1_336_354": 0.7915688157081604,
  "PUASM_PF01048_017_OOQ86218.1_345_363": 0.9527538418769836,
  "sigma_PF07819_032_EXL67904.1_195_208": 0.005609690677374601,
  "sigma_PF07819_032_KJJ33121.1_337_349": 0.005609690677374601,
  "sigma_PF07819_032_KUL82103.1_341_354": 0.005609690677374601,
  "sigma_PF07819_032_OAQ58120.1_343_356": 0.005609690677374601,
  "sigma_PF17107_001_OQO14029.1_180_202": 0.9594864845275879,
  "sigma_PF17111_006_CCF38036.1_364_392": 0.8315389156341553,
  "sigma_PF17111_006_DAA77535.1_171_199": 0.015375986695289612,
  "sigma_PF17111_006_ELA24065.1_362_391": 0.005609690677374601,
  "sigma_PF17111_006_EXK93330.1_347_370": 0.9594864845275879,
  "sigma_PF17111_006_KKP06487.1_175_203": 0.03176553547382355,
  "sigma_PF17111_006_KXH35435.1_365_392": 0.005609690677374601,
  "sigma_PF17111_006_OQE25252.1_352_381": 0.7501030564308167,
  "sigma_PF17111_006_OQE41012.1_170_199": 0.6756877303123474
}