{
  "HRAM_PF14479_001_CAP61092.1_260_283": 1.0,
  "HRAM_PF14479_001_CCT72929.1_258_282": 0.9981129883263034,
  "HRAM_PF14479_001_CEG02762.1_256_279": 1.0,
  "HRAM_PF14479_001_EGU79491.1_223_247": 0.9999999999978122,
  "HRAM_PF14479_001_EKJ74396.1_260_282": 1.0,
  "HRAM_PF14479_001_EKJ79122.1_223_247": 0.9999999999999731,
  "HRAM_PF14479_001_EXM20379.1_259_282": 0.9999999999710769,
  "HRAM_PF14479_001_KFY03085.1_250_274": 0.9999999999999991,
  "HRAM_PF14479_001_KIL90043.1_260_283": 1.0,
  "HRAM_PF14479_001_KJZ72270.1_222_244": 1.0,
  "HRAM_PF14479_001_KXL48427.1_276_298": 0.9999999998742319,
  "HRAM_PF14479_001_KXX79303.1_222_245": 0.9999999999995524,
  "HRAM_PF14479_001_OAA72907.1_246_264": 0.999879779563926,
  "HRAM_PF14479_001_OPB43885.1_226_249": 1.0,
  "HRAM_PF14479_001_OPB43885.1_262_285": 1.0,
  "HRAM_PF14479_001_PNP48901.1_225_249": 0.9999999999994078,
  "HRAM_PF14479_001_SCO75793.1_224_246": 0.9999999999999927,
  "HRAM_PF14479_001_SCO78477.1_224_246": 1.0,
  "HRAM_PF14479_003_KFX85878.1_181_198": 0.9999414145802905,
  "HRAM_PF14479_003_OBT40522.1_222_238": 0.9850060468439457,
  "HRAM_PF14479_003_OJD10871.1_240_258": 2.0817203759715006e-08,
  "HRAM_PF14479_013_OAQ58135.1_265_281": 0.9733056106949076,
  "HRAM_PF17111_005_EKJ79122.1_266_282": 0.6017475159708483,
  "HRAM_PF17111_005_OAA72907.1_211_229": 0.047752950082436706,
  "HRAM_PF17111_007_EUC39744.1_226_248": 1.0,
  "HRAM_PF17111_007_EXJ77534.1_240_263": 0.9999999999998581,
  "PF010040_PF01048_040_CEJ92446.1_376_396": 0.9999999999998546,
  "PF010040_PF01048_040_CRJ82726.1_320_344": 0.999999999928816,
  "PF010040_PF01048_040_KFY75685.1_234_259": 0.9999999964496478,
  "PP_PF14479_004_EON63735.1_242_260": 0.021203561670966084,
  "PP_PF17107_022_CEF85758.1_247_270": 0.9999999999994935,
  "PP_PF17107_022_ERF75268.1_353_373": 0.9999999999979654,
  "PP_PF17107_022_KFY17841.1_120_144": 0.9999999961183232,
  "PP_PF17107_022_KLO97531.1_247_270": 0.9999999999998597,
  "PP_PF17107_022_KNG47735.1_341_365": 0.9999999999992726,
  "PP_PF17107_022_KOS40824.1_253_276": 0.9999999999999918,
  "PP_PF17107_022_KUM66971.1_268_288": 0.9999999999999998,
  "PP_PF17107_022_KZM25280.1_344_367": 0.9999999999962841,
  "PP_PF17107_022_OQD74237.1_314_337": 0.9999999999990516,
  "PP_PF17107_022_OQD90251.1_342_361": 0.999988571142285,
  "PP_PF17107_022_OQE24348.1_237_258": 0.9999999999505431,
  "PP_PF17107_022_OTA82916.1_244_267": 0.9999999914597412,
  "PP_PF17107_022_PCD20332.1_246_268": 0.9999999999999103,
  "PP_PF17107_022_PIA96288.1_247_268": 0.9999999999999973,
  "PP_PF17107_022_POR32819.1_246_269": 0.9999999999999989,
  "PP_PF17111_004_KUM62313.1_256_274": 2.322413490184191e-05,
  "PUASM_PF01048_017_EFQ31725.1_309_327": 0.029221710671537827,
  "PUASM_PF01048_017_EGX43950.1_344_362": 0.0007825758910378865,
  "PUASM_PF01048_017_EHK21163.1_338_356": 2.0619149065953866e-05,
  "PUASM_PF01048_017_EWC44494.1_341_359": 0.9997446831057777,
  "PUASM_PF01048_017_OLN95569.1_336_354": 0.9885188976045298,
  "PUASM_PF01048_017_OOQ86218.1_345_363": 0.9999977301790453,
  "sigma_PF07819_032_EXL67904.1_195_208": 6.327268260980697e-06,
  "sigma_PF07819_032_KJJ33121.1_337_349": 0.7401966605685826,
  "sigma_PF07819_032_KUL82103.1_341_354": 9.479456663334777e-06,
  "sigma_PF07819_032_OAQ58120.1_343_356": 0.09865637678895404,
  "sigma_PF17107_001_OQO14029.1_180_202": 0.9999999999996465,
  "sigma_PF17111_006_CCF38036.1_364_392": 0.9999988973498813,
  "sigma_PF17111_006_DAA77535.1_171_199": 0.9972014193900176,
  "sigma_PF17111_006_ELA24065.1_362_391": 1.011602528709117e-05,
  "sigma_PF17111_006_EXK93330.1_347_370": 0.9999999999999682,
  "sigma_PF17111_006_KKP06487.1_175_203": 0.9996144396166365,
  "sigma_PF17111_006_KXH35435.1_365_392": 1.4406095368303353e-06,
  "sigma_PF17111_006_OQE25252.1_352_381": 0.9999943368013194,
  "sigma_PF17111_006_OQE41012.1_170_199": 0.9999960308335524
}