{
  "HRAM_PF14479_001_CAP61092.1_224_244": 0.9999977790595412,
  "HRAM_PF14479_001_CAP61092.1_260_283": 0.9999978626578755,
  "HRAM_PF14479_001_CCT72929.1_258_282": 0.5897884410058779,
  "HRAM_PF14479_001_CEG02762.1_256_279": 0.9999978626578755,
  "HRAM_PF14479_001_EGU74155.1_224_247": 0.9999978626578755,
  "HRAM_PF14479_001_EGU79491.1_223_247": 0.999996657088293,
  "HRAM_PF14479_001_EGU86897.1_259_282": 0.9999978626578755,
  "HRAM_PF14479_001_EHK23053.1_224_246": 0.9999978626578755,
  "HRAM_PF14479_001_EHK23053.1_260_283": 0.9999977790595412,
  "HRAM_PF14479_001_EKJ74396.1_260_282": 0.9999977790595412,
  "HRAM_PF14479_001_EKJ79122.1_223_247": 0.999996657088293,
  "HRAM_PF14479_001_EWG55498.1_259_282": 0.9999978626578755,
  "HRAM_PF14479_001_EXM20379.1_259_282": 0.9999965734899589,
  "HRAM_PF14479_001_KFY03085.1_250_274": 0.9999977790595412,
  "HRAM_PF14479_001_KFZ24429.1_251_274": 0.9999977790595412,
  "HRAM_PF14479_001_KIL90043.1_260_283": 0.9999978626578755,
  "HRAM_PF14479_001_KJZ72270.1_222_244": 0.9999977790595412,
  "HRAM_PF14479_001_KXL48427.1_276_298": 0.9999977790595412,
  "HRAM_PF14479_001_KXX79303.1_222_245": 0.999996657088293,
  "HRAM_PF14479_001_OAA72907.1_246_264": 0.9397532065402298,
  "HRAM_PF14479_001_OBS23224.1_259_282": 0.9999978626578755,
  "HRAM_PF14479_001_OBT40522.1_250_274": 0.9999977790595412,
  "HRAM_PF14479_001_OPB43885.1_226_249": 0.9999978626578755,
  "HRAM_PF14479_001_OPB43885.1_262_285": 0.9999977790595412,
  "HRAM_PF14479_001_PNP48901.1_225_249": 0.9999965734899589,
  "HRAM_PF14479_001_SCO75793.1_224_246": 0.9999978626578755,
  "HRAM_PF14479_001_SCO78477.1_224_246": 0.9999977790595412,
  "HRAM_PF14479_003_KFX85878.1_181_198": 0.97984274141075,
  "HRAM_PF14479_003_OBT38472.1_222_239": 0.019905130539920844,
  "HRAM_PF14479_003_OBT40522.1_222_238": 0.34982937771656303,
  "HRAM_PF14479_003_OJD10871.1_240_258": 0.0,
  "HRAM_PF14479_013_KJZ72270.1_263_278": 0.0,
  "HRAM_PF14479_013_OAQ58135.1_265_281": 0.019955628294066375,
  "HRAM_PF17111_005_CVL03810.1_264_281": 0.0,
  "HRAM_PF17111_005_EKJ79122.1_266_282": 0.12966682583944236,
  "HRAM_PF17111_005_OAA72907.1_211_229": 0.03992150110163788,
  "HRAM_PF17111_005_SCO19463.1_264_281": 0.0,
  "HRAM_PF17111_007_EUC39744.1_226_248": 0.9999978626578755,
  "HRAM_PF17111_007_EXJ77534.1_240_263": 0.999996657088293,
  "HRAM_PF17111_007_OAP54480.1_240_263": 0.9999965734899589,
  "PF010040_PF01048_040_CEJ92446.1_376_396": 0.9999977790595412,
  "PF010040_PF01048_040_CRJ82726.1_320_344": 0.8299308753042464,
  "PF010040_PF01048_040_EGY20717.1_320_344": 0.9999978626578755,
  "PF010040_PF01048_040_KFY75685.1_234_259": 0.799816186106462,
  "PP_PF01048_025_KFZ16001.1_252_270": 0.0,
  "PP_PF14479_004_EON63735.1_242_260": 0.0,
  "PP_PF14479_004_OQE24348.1_244_262": 0.0,
  "PP_PF17107_022_CEF85758.1_247_270": 0.9999977790595412,
  "PP_PF17107_022_ERF75268.1_353_373": 0.9999977790595412,
  "PP_PF17107_022_KFY17841.1_120_144": 0.9999978626578755,
  "PP_PF17107_022_KLO97531.1_247_270": 0.9999977790595412,
  "PP_PF17107_022_KNG47735.1_341_365": 0.9999977790595412,
  "PP_PF17107_022_KOS40824.1_253_276": 0.9999977790595412,
  "PP_PF17107_022_KUM66971.1_268_288": 0.9999978626578755,
  "PP_PF17107_022_KZM25280.1_344_367": 0.9999978626578755,
  "PP_PF17107_022_OBT39258.1_249_273": 0.9999977790595412,
  "PP_PF17107_022_OBT39272.1_246_270": 0.9999977790595412,
  "PP_PF17107_022_OQD74237.1_314_337": 0.9999978626578755,
  "PP_PF17107_022_OQD90251.1_342_361": 0.7298135492743234,
  "PP_PF17107_022_OQE24348.1_237_258": 0.9999977790595412,
  "PP_PF17107_022_OTA82916.1_244_267": 0.9999957217467825,
  "PP_PF17107_022_PCD20332.1_246_268": 0.9999978626578755,
  "PP_PF17107_022_PCD20335.1_247_270": 0.9999977790595412,
  "PP_PF17107_022_PIA96288.1_247_268": 0.9999977790595412,
  "PP_PF17107_022_PNP59223.1_247_269": 0.9999978626578755,
  "PP_PF17107_022_POR32819.1_246_269": 0.9999977790595412,
  "PP_PF17111_004_EON63735.1_239_256": 0.03998788194492042,
  "PP_PF17111_004_KUM62313.1_256_274": 0.0,
  "PUASM_PF01048_017_EFQ31725.1_309_327": 0.02989287290649274,
  "PUASM_PF01048_017_EGX43950.1_344_362": 0.0,
  "PUASM_PF01048_017_EHK21163.1_338_356": 0.0,
  "PUASM_PF01048_017_EQB50682.1_333_351": 0.269292158732682,
  "PUASM_PF01048_017_EWC44494.1_341_359": 0.9299118077877598,
  "PUASM_PF01048_017_GAP93060.1_344_359": 0.18953968473167182,
  "PUASM_PF01048_017_KPM45222.1_338_354": 0.0,
  "PUASM_PF01048_017_KZL72126.1_343_361": 0.0,
  "PUASM_PF01048_017_OHW95966.1_340_355": 0.0,
  "PUASM_PF01048_017_OLN95569.1_336_354": 0.8093857384521037,
  "PUASM_PF01048_017_OOQ86218.1_345_363": 0.9098713518896813,
  "sigma_PF07819_032_EXL67904.1_195_208": 0.0,
  "sigma_PF07819_032_KJJ33121.1_337_349": 0.0,
  "sigma_PF07819_032_KUL82103.1_341_354": 0.0,
  "sigma_PF07819_032_OAQ58120.1_343_356": 0.0,
  "sigma_PF17107_001_OQO14029.1_180_202": 0.9999977790595412,
  "sigma_PF17111_006_CCF38036.1_364_392": 0.9299974834361164,
  "sigma_PF17111_006_DAA77535.1_171_199": 0.3898148489221244,
  "sigma_PF17111_006_ELA24065.1_362_391": 0.0,
  "sigma_PF17111_006_EXK93330.1_347_370": 0.9999978626578755,
  "sigma_PF17111_006_KKP06487.1_175_203": 0.49987583983931577,
  "sigma_PF17111_006_KXH35435.1_365_392": 0.0,
  "sigma_PF17111_006_OQE25252.1_352_381": 0.9099168999556514,
  "sigma_PF17111_006_OQE41012.1_170_199": 0.8598954809559265
}