{
  "bass_01_all_01_ADI09086.1_11_31": 0.9958428233500464,
  "bass_01_all_01_AGK79793.1_7_26": 0.0001522715602293927,
  "bass_01_all_01_AIJ15689.1_7_28": 0.9999999958507966,
  "bass_01_all_01_ALO07341.1_7_26": 8.098817268352472e-05,
  "bass_01_all_01_ALV50310.1_7_28": 0.9999999996629483,
  "bass_01_all_01_AOR29772.1_6_25": 0.9992014854468197,
  "bass_01_all_01_ARF62512.1_7_27": 0.143611643132388,
  "bass_01_all_01_ATW48405.1_12_36": 0.9999999997101752,
  "bass_01_all_01_AUA13813.1_5_24": 0.006661293113752437,
  "bass_01_all_01_BAJ27762.1_7_27": 0.9999999999924183,
  "bass_01_all_01_CDR09834.1_5_25": 0.999720724892016,
  "bass_01_all_01_EGX57905.1_7_27": 0.046068936018583986,
  "bass_01_all_01_ELP64895.1_1_23": 0.9999999999615921,
  "bass_01_all_01_EMF30093.1_7_27": 0.0566136497167166,
  "bass_01_all_01_EST24664.1_8_27": 0.021417706143354347,
  "bass_01_all_01_GAP52496.1_6_25": 0.9917519875841148,
  "bass_01_all_01_KDN80932.1_1_22": 0.999999994474962,
  "bass_01_all_01_KIF69816.1_7_27": 0.4048470580742167,
  "bass_01_all_01_KNE83477.1_5_27": 0.9999999999220544,
  "bass_01_all_01_KOG49630.1_15_35": 0.9999999999981368,
  "bass_01_all_01_KQX36889.1_7_27": 0.08263612016651761,
  "bass_01_all_01_KRD00690.1_7_27": 0.00982463533654238,
  "bass_01_all_01_KUL32081.1_6_26": 0.9999999999999944,
  "bass_01_all_01_KUO05395.1_13_29": 3.8954826271672326e-05,
  "bass_01_all_01_KUO13099.1_10_30": 1.9705803116517478e-05,
  "bass_01_all_01_OBQ48332.1_7_28": 0.9999999999939462,
  "bass_01_all_01_OEV05529.1_1_23": 0.9999999995636208,
  "bass_01_all_01_OEV14114.1_4_27": 0.9999999999999969,
  "bass_01_all_01_OEV29760.1_5_27": 0.9999999995798972,
  "bass_01_all_01_OKH98982.1_11_31": 1.0,
  "bass_01_all_01_OKJ57450.1_12_34": 0.999999999999899,
  "bass_01_all_01_OKJ58916.1_7_27": 0.9979227867739728,
  "bass_01_all_01_OMI38968.1_14_33": 4.560041249912307e-06,
  "bass_01_all_01_OSY53090.1_6_26": 0.8877526489607821,
  "bass_01_all_01_OWA23404.1_7_27": 0.7418692393252039,
  "bass_01_all_01_OXL24360.1_5_25": 0.057632464284996666,
  "bass_01_all_01_PIF86474.1_8_27": 0.9994199704863697,
  "bass_01_all_01_PIG02277.1_1_22": 0.9999999999697964,
  "bass_01_all_01_PJN34549.1_6_29": 0.9999999999978646,
  "bass_01_all_01_PSM41355.1_5_27": 0.9999999999052755,
  "bass_01_all_01_SBU87863.1_7_27": 0.9931947397794842,
  "bass_01_all_01_SCE17642.1_1_23": 0.9999999999996081,
  "bass_01_all_01_SED09724.1_8_31": 0.9999999999427047,
  "bass_01_all_01_SEH02571.1_7_32": 0.9999999999999964,
  "bass_01_all_01_SEP84959.1_1_23": 0.9999999996881082,
  "bass_01_all_01_SEU47807.1_1_22": 0.9999999999771279,
  "bass_01_all_01_SFD26332.1_22_40": 0.001386254134467827,
  "bass_01_nlr_01_AOS61467.1_22_36": 0.03573720054643885,
  "bass_01_nlr_01_ASO18266.1_18_40": 0.9999999999999143,
  "bass_01_nlr_01_KOT44694.1_7_32": 0.9999999999935332,
  "bass_01_nlr_01_SMF86310.1_15_38": 0.9999999999999976,
  "bass_01_nlr_01_SMF86318.1_13_32": 1.0323557282113835e-08,
  "bass_02_all_02_EGX59650.1_15_35": 0.9999999999999909,
  "bass_02_all_02_GAX57889.1_3_21": 0.9372366803086639,
  "bass_02_all_02_PKV69821.1_6_25": 0.9999999974968445,
  "bass_02_all_02_SDN39945.1_8_26": 0.999999434345868,
  "bass_02_all_04_ATY15809.1_11_26": 5.579391254101324e-05,
  "bass_02_all_04_GAX57101.1_29_41": 0.9999982530575204,
  "bass_02_all_04_OAR26403.1_8_20": 0.9999999997871367,
  "bass_02_all_04_SCE87658.1_25_37": 0.9431614991715115,
  "bass_02_all_04_SDD78461.1_13_28": 0.9999999999991347,
  "bass_02_all_04_SFD29412.1_23_35": 0.999999977447175,
  "bass_02_all_24_GAQ51672.1_12_33": 0.9999999999999796,
  "bass_02_all_24_KUL50315.1_14_34": 0.9999999999999845,
  "bass_02_all_37_OIK24035.1_23_41": 0.9999999999270772,
  "bass_02_all_37_OLT47852.1_6_22": 0.9999870831324336,
  "bass_02_all_37_OLZ72816.1_12_31": 0.9999999999938194,
  "bass_02_all_67_ONF61741.1_9_26": 0.9999999997612252,
  "bass_02_all_67_SEH04084.1_17_37": 0.9999999999999909,
  "bass_02_nlr_03_EXG81266.1_14_32": 0.624541627392134,
  "bass_02_nlr_03_KWV32606.1_13_32": 0.999999999804339,
  "bass_02_nlr_03_ONF61740.1_2_18": 0.9999997179570957,
  "bass_02_nlr_03_PKT70377.1_36_55": 0.99999999949794,
  "bass_02_nlr_03_PRY19311.1_18_36": 0.9999999999928444,
  "bass_02_nlr_03_SEN27171.1_34_53": 0.9999999999736275,
  "bass_02_nlr_03_SFP19392.1_21_40": 0.999999998335465,
  "bass_02_nlr_03_SHE94357.1_22_41": 0.9999999999418188,
  "bass_02_nlr_12_GAX57891.1_16_37": 0.9999999999999976,
  "bass_02_str_02_AMW10320.1_15_35": 0.9999999999989422,
  "bass_02_str_02_ANN18894.1_19_38": 0.9999999999953906,
  "bass_02_str_02_KUN75534.1_6_28": 0.9584884543048863,
  "bass_02_str_02_OAB01747.1_14_35": 0.0004241546848964486,
  "bass_02_str_02_OAH10245.1_16_36": 0.9999999531744193,
  "bass_02_str_02_OKI36072.1_3_22": 6.00559219546866e-07,
  "bass_02_str_02_OKI53302.1_16_35": 0.9999999911146419,
  "bass_02_str_02_OSC71126.1_16_36": 0.9999999999999949,
  "bass_02_str_02_OWU99816.1_6_28": 1.0,
  "bass_02_str_02_PCG87455.1_16_35": 0.10003885502506295,
  "bass_02_str_02_SCE01878.1_9_29": 0.9999999999999929,
  "bass_02_str_02_SCE36439.1_17_36": 0.9999999999927445,
  "bass_02_str_02_SCK34650.1_17_36": 0.6544911922962846,
  "bass_02_str_02_SCK50479.1_5_23": 0.9999003748464503,
  "bass_02_str_02_SCL34400.1_14_36": 1.0,
  "bass_02_str_02_SEG79912.1_5_26": 0.9999999999994931,
  "bass_02_str_02_SNT46039.1_7_29": 0.0018714297390151824,
  "bass_02_str_10_CCH15801.1_7_28": 1.0,
  "bass_02_str_10_KKK06043.1_20_36": 0.5239083568619587,
  "bass_02_str_10_ORT49028.1_19_40": 0.9999999996153208,
  "bass_02_str_10_PNE33479.1_16_38": 1.0,
  "bass_02_str_10_SCF14848.1_8_29": 0.9999999999999978,
  "bass_02_str_10_SCK50496.1_18_37": 0.6628291848181094,
  "bass_03_all_03_AJC53635.1_13_33": 1.0,
  "bass_03_all_03_ONI86674.1_13_32": 0.9999999999994438,
  "bass_03_all_03_ONI86978.1_24_39": 0.29301981925508175,
  "bass_03_all_03_ONI87101.1_8_20": 0.9999969300110794,
  "bass_03_all_03_ORT49016.1_5_21": 0.9999999661330026,
  "bass_03_all_03_PKB26148.1_4_24": 0.9999999999999329,
  "bass_03_all_03_PTA47471.1_13_33": 0.9999999999999993,
  "bass_03_all_03_PVC80771.1_13_31": 1.9187009531530331e-07,
  "bass_03_all_03_SDZ30256.1_4_18": 0.968902318945787,
  "bass_03_cya_15_BBC24758.1_5_22": 0.9999893012953545,
  "bass_03_nlr_09_AFZ27510.1_6_25": 0.999963006852466,
  "bass_03_nlr_09_ALB43288.1_2_21": 0.9999999457291556,
  "bass_03_nlr_09_PSL52708.1_22_40": 0.004937961254572573,
  "bass_03_nlr_09_SDT82687.1_32_51": 0.9999999999954181,
  "bass_03_nlr_09_SFW86808.1_23_40": 0.8986632400872321,
  "bass_03_str_06_OIJ99864.1_16_37": 0.9999999947172749,
  "bass_03_str_06_SDM63858.1_5_26": 0.9999999999903031,
  "bass_03_str_06_SEO98883.1_3_24": 0.9999999999999936,
  "bass_03_str_06_SFY52717.1_16_37": 0.9999999996984363,
  "bass_04_cya_02_AFY38363.1_7_31": 1.0,
  "bass_04_cya_02_BAU63957.1_12_31": 0.9999995811512215,
  "bass_04_cya_02_BAZ20405.1_41_61": 0.9999999999999964,
  "bass_04_cya_02_BBD58560.1_5_30": 0.9999999999991358,
  "bass_04_cya_02_OYD94772.1_10_31": 0.9999999999999998,
  "bass_04_cya_02_OYE01066.1_9_30": 0.9999999999999758,
  "bass_04_cya_02_PPJ64013.1_3_26": 0.9999999999999993,
  "bass_04_nlr_13_BAZ86410.1_11_33": 1.0,
  "bass_04_nlr_13_PRY21118.1_27_49": 0.9999999999998472,
  "bass_05_all_07_ARI84451.1_4_14": 0.9999997797803618,
  "bass_05_all_07_ELP53489.1_4_14": 0.9999989345733225,
  "bass_05_cya_01_BAZ70469.1_6_24": 0.9798869075324649,
  "bass_05_nlr_08_ACK70197.1_1_28": 0.999999999997764,
  "bass_05_nlr_08_AFW94441.1_1_28": 0.9999998994044933,
  "bass_05_nlr_08_BAY32777.1_1_28": 0.9999999998502651,
  "bass_05_nlr_08_GAX34747.1_1_28": 0.9999999307620743,
  "bass_05_nlr_08_KIF35509.1_1_28": 0.9999999990105015,
  "bass_05_nlr_08_KOP25803.1_1_28": 0.9999999967536257,
  "bass_05_nlr_08_KST70146.1_1_28": 0.9998577677185737,
  "bass_05_nlr_08_OCQ99945.1_1_28": 0.9999969649261267,
  "bass_05_nlr_08_OYD91200.1_1_28": 0.9999973233145132,
  "bass_05_nlr_08_OYQ63523.1_25_52": 0.9999999966862321,
  "bass_06_all_09_AQW51769.1_5_24": 0.004419904603586524,