{
  "bass_01_all_01_ADI09086.1_11_31": 0.9204959869384766,
  "bass_01_all_01_AGK79793.1_7_26": 0.006599030457437038,
  "bass_01_all_01_AIJ15689.1_7_28": 0.9686485528945923,
  "bass_01_all_01_ALO07341.1_7_26": 0.007409663405269384,
  "bass_01_all_01_ALV50310.1_7_28": 0.9594864845275879,
  "bass_01_all_01_AOR29772.1_6_25": 0.92635178565979,
  "bass_01_all_01_ARF62512.1_7_27": 0.04263922944664955,
  "bass_01_all_01_ATW48405.1_12_36": 0.9594864845275879,
  "bass_01_all_01_AUA13813.1_5_24": 0.0060966056771576405,
  "bass_01_all_01_BAJ27762.1_7_27": 0.9594864845275879,
  "bass_01_all_01_CDR09834.1_5_25": 0.9417551755905151,
  "bass_01_all_01_EGX57905.1_7_27": 0.009664989076554775,
  "bass_01_all_01_ELP64895.1_1_23": 0.9594864845275879,
  "bass_01_all_01_EMF30093.1_7_27": 0.007587036117911339,
  "bass_01_all_01_EST24664.1_8_27": 0.008525765500962734,
  "bass_01_all_01_GAP52496.1_6_25": 0.8964542150497437,
  "bass_01_all_01_KDN80932.1_1_22": 0.9560070633888245,
  "bass_01_all_01_KIF69816.1_7_27": 0.1051710844039917,
  "bass_01_all_01_KNE83477.1_5_27": 0.9594911932945251,
  "bass_01_all_01_KOG49630.1_15_35": 0.9594911932945251,
  "bass_01_all_01_KQX36889.1_7_27": 0.011618227697908878,
  "bass_01_all_01_KRD00690.1_7_27": 0.02608668804168701,
  "bass_01_all_01_KUL32081.1_6_26": 0.9594864845275879,
  "bass_01_all_01_KUO05395.1_13_29": 0.005609690677374601,
  "bass_01_all_01_KUO13099.1_10_30": 0.005933467764407396,
  "bass_01_all_01_OBQ48332.1_7_28": 0.9594864845275879,
  "bass_01_all_01_OEV05529.1_1_23": 0.9594864845275879,
  "bass_01_all_01_OEV14114.1_4_27": 0.9594864845275879,
  "bass_01_all_01_OEV29760.1_5_27": 0.9594864845275879,
  "bass_01_all_01_OKH98982.1_11_31": 0.9594864845275879,
  "bass_01_all_01_OKJ57450.1_12_34": 0.9594864845275879,
  "bass_01_all_01_OKJ58916.1_7_27": 0.9472593069076538,
  "bass_01_all_01_OMI38968.1_14_33": 0.005762183107435703,
  "bass_01_all_01_OSY53090.1_6_26": 0.5995947122573853,
  "bass_01_all_01_OWA23404.1_7_27": 0.13558290898799896,
  "bass_01_all_01_OXL24360.1_5_25": 0.012041758745908737,
  "bass_01_all_01_PIF86474.1_8_27": 0.9079415202140808,
  "bass_01_all_01_PIG02277.1_1_22": 0.9594911932945251,
  "bass_01_all_01_PJN34549.1_6_29": 0.9594911932945251,
  "bass_01_all_01_PSM41355.1_5_27": 0.9594911932945251,
  "bass_01_all_01_SBU87863.1_7_27": 0.7893034219741821,
  "bass_01_all_01_SCE17642.1_1_23": 0.9594911932945251,
  "bass_01_all_01_SED09724.1_8_31": 0.9594864845275879,
  "bass_01_all_01_SEH02571.1_7_32": 0.9594864845275879,
  "bass_01_all_01_SEP84959.1_1_23": 0.9570626020431519,
  "bass_01_all_01_SEU47807.1_1_22": 0.9594864845275879,
  "bass_01_all_01_SFD26332.1_22_40": 0.005609690677374601,
  "bass_01_nlr_01_AOS61467.1_22_36": 0.0065950616262853146,
  "bass_01_nlr_01_ASO18266.1_18_40": 0.9594864845275879,
  "bass_01_nlr_01_KOT44694.1_7_32": 0.9594864845275879,
  "bass_01_nlr_01_SMF86310.1_15_38": 0.9594864845275879,
  "bass_01_nlr_01_SMF86318.1_13_32": 0.005609690677374601,
  "bass_02_all_02_EGX59650.1_15_35": 0.9594864845275879,
  "bass_02_all_02_GAX57889.1_3_21": 0.0884186327457428,
  "bass_02_all_02_PKV69821.1_6_25": 0.9594911932945251,
  "bass_02_all_02_SDN39945.1_8_26": 0.9561107754707336,
  "bass_02_all_04_ATY15809.1_11_26": 0.005609690677374601,
  "bass_02_all_04_GAX57101.1_29_41": 0.9344033598899841,
  "bass_02_all_04_OAR26403.1_8_20": 0.9594911932945251,
  "bass_02_all_04_SCE87658.1_25_37": 0.017176419496536255,
  "bass_02_all_04_SDD78461.1_13_28": 0.9594911932945251,
  "bass_02_all_04_SFD29412.1_23_35": 0.9594911932945251,
  "bass_02_all_24_GAQ51672.1_12_33": 0.9594864845275879,
  "bass_02_all_24_KUL50315.1_14_34": 0.9594864845275879,
  "bass_02_all_37_OIK24035.1_23_41": 0.9458540081977844,
  "bass_02_all_37_OLT47852.1_6_22": 0.9554651975631714,
  "bass_02_all_37_OLZ72816.1_12_31": 0.9483863115310669,
  "bass_02_all_67_ONF61741.1_9_26": 0.9594864845275879,
  "bass_02_all_67_SEH04084.1_17_37": 0.9594864845275879,
  "bass_02_nlr_03_EXG81266.1_14_32": 0.005609690677374601,
  "bass_02_nlr_03_KWV32606.1_13_32": 0.9594911932945251,
  "bass_02_nlr_03_ONF61740.1_2_18": 0.9559575915336609,
  "bass_02_nlr_03_PKT70377.1_36_55": 0.9594911932945251,
  "bass_02_nlr_03_PRY19311.1_18_36": 0.9533541798591614,
  "bass_02_nlr_03_SEN27171.1_34_53": 0.9594864845275879,
  "bass_02_nlr_03_SFP19392.1_21_40": 0.9594864845275879,
  "bass_02_nlr_03_SHE94357.1_22_41": 0.9594911932945251,
  "bass_02_nlr_12_GAX57891.1_16_37": 0.9594864845275879,
  "bass_02_str_02_AMW10320.1_15_35": 0.9594864845275879,
  "bass_02_str_02_ANN18894.1_19_38": 0.9594911932945251,
  "bass_02_str_02_KUN75534.1_6_28": 0.42290693521499634,
  "bass_02_str_02_OAB01747.1_14_35": 0.005661709234118462,
  "bass_02_str_02_OAH10245.1_16_36": 0.9594911932945251,
  "bass_02_str_02_OKI36072.1_3_22": 0.005609690677374601,
  "bass_02_str_02_OKI53302.1_16_35": 0.9578545689582825,
  "bass_02_str_02_OSC71126.1_16_36": 0.9594864845275879,
  "bass_02_str_02_OWU99816.1_6_28": 0.9594864845275879,
  "bass_02_str_02_PCG87455.1_16_35": 0.009885958395898342,
  "bass_02_str_02_SCE01878.1_9_29": 0.9594864845275879,
  "bass_02_str_02_SCE36439.1_17_36": 0.9594864845275879,
  "bass_02_str_02_SCK34650.1_17_36": 0.005617968738079071,
  "bass_02_str_02_SCK50479.1_5_23": 0.9527522325515747,
  "bass_02_str_02_SCL34400.1_14_36": 0.9594864845275879,
  "bass_02_str_02_SEG79912.1_5_26": 0.9594864845275879,
  "bass_02_str_02_SNT46039.1_7_29": 0.005617968738079071,
  "bass_02_str_10_CCH15801.1_7_28": 0.9594864845275879,
  "bass_02_str_10_KKK06043.1_20_36": 0.00594222079962492,
  "bass_02_str_10_ORT49028.1_19_40": 0.9594911932945251,
  "bass_02_str_10_PNE33479.1_16_38": 0.9594864845275879,
  "bass_02_str_10_SCF14848.1_8_29": 0.9594864845275879,
  "bass_02_str_10_SCK50496.1_18_37": 0.005609690677374601,
  "bass_03_all_03_AJC53635.1_13_33": 0.9594864845275879,
  "bass_03_all_03_ONI86674.1_13_32": 0.9594864845275879,
  "bass_03_all_03_ONI86978.1_24_39": 0.012580642476677895,
  "bass_03_all_03_ONI87101.1_8_20": 0.9544663429260254,
  "bass_03_all_03_ORT49016.1_5_21": 0.9128273725509644,
  "bass_03_all_03_PKB26148.1_4_24": 0.9594864845275879,
  "bass_03_all_03_PTA47471.1_13_33": 0.9594864845275879,
  "bass_03_all_03_PVC80771.1_13_31": 0.005609690677374601,
  "bass_03_all_03_SDZ30256.1_4_18": 0.5576885938644409,
  "bass_03_cya_15_BBC24758.1_5_22": 0.9540650248527527,
  "bass_03_nlr_09_AFZ27510.1_6_25": 0.9530449509620667,
  "bass_03_nlr_09_ALB43288.1_2_21": 0.9560719728469849,
  "bass_03_nlr_09_PSL52708.1_22_40": 0.005609690677374601,
  "bass_03_nlr_09_SDT82687.1_32_51": 0.9594911932945251,
  "bass_03_nlr_09_SFW86808.1_23_40": 0.03190232068300247,
  "bass_03_str_06_OIJ99864.1_16_37": 0.9560719728469849,
  "bass_03_str_06_SDM63858.1_5_26": 0.9594911932945251,
  "bass_03_str_06_SEO98883.1_3_24": 0.9594864845275879,
  "bass_03_str_06_SFY52717.1_16_37": 0.9568662047386169,
  "bass_04_cya_02_AFY38363.1_7_31": 0.9594864845275879,
  "bass_04_cya_02_BAU63957.1_12_31": 0.9561107754707336,
  "bass_04_cya_02_BAZ20405.1_41_61": 0.9577431678771973,
  "bass_04_cya_02_BBD58560.1_5_30": 0.9594911932945251,
  "bass_04_cya_02_OYD94772.1_10_31": 0.9594864845275879,
  "bass_04_cya_02_OYE01066.1_9_30": 0.9594864845275879,
  "bass_04_cya_02_PPJ64013.1_3_26": 0.9594864845275879,
  "bass_04_nlr_13_BAZ86410.1_11_33": 0.9594864845275879,
  "bass_04_nlr_13_PRY21118.1_27_49": 0.9594864845275879,
  "bass_05_all_07_ARI84451.1_4_14": 0.957367479801178,
  "bass_05_all_07_ELP53489.1_4_14": 0.9540297389030457,
  "bass_05_cya_01_BAZ70469.1_6_24": 0.005609690677374601,
  "bass_05_nlr_08_ACK70197.1_1_28": 0.9594911932945251,
  "bass_05_nlr_08_AFW94441.1_1_28": 0.9566464424133301,
  "bass_05_nlr_08_BAY32777.1_1_28": 0.9594911932945251,
  "bass_05_nlr_08_GAX34747.1_1_28": 0.957160234451294,
  "bass_05_nlr_08_KIF35509.1_1_28": 0.9576505422592163,
  "bass_05_nlr_08_KOP25803.1_1_28": 0.9528728127479553,
  "bass_05_nlr_08_KST70146.1_1_28": 0.9402379393577576,
  "bass_05_nlr_08_OCQ99945.1_1_28": 0.9522990584373474,