{
  "bass_01_all_01_ADI09086.1_11_31": 0.6397660733836639,
  "bass_01_all_01_AGK79793.1_7_26": 0.0,
  "bass_01_all_01_AIJ15689.1_7_28": 0.9999978626578755,
  "bass_01_all_01_ALO07341.1_7_26": 0.0,
  "bass_01_all_01_ALV50310.1_7_28": 0.9999978626578755,
  "bass_01_all_01_AOR29772.1_6_25": 0.7695678690522196,
  "bass_01_all_01_ARF62512.1_7_27": 0.0,
  "bass_01_all_01_ATW48405.1_12_36": 0.9999978626578755,
  "bass_01_all_01_AUA13813.1_5_24": 0.0,
  "bass_01_all_01_BAJ27762.1_7_27": 0.9899905406284393,
  "bass_01_all_01_CDR09834.1_5_25": 0.8295064382271462,
  "bass_01_all_01_EGX57905.1_7_27": 0.009955628294066377,
  "bass_01_all_01_ELP64895.1_1_23": 0.9999905406284393,
  "bass_01_all_01_EMF30093.1_7_27": 0.019955628294066375,
  "bass_01_all_01_EST24664.1_8_27": 0.009955628294066377,
  "bass_01_all_01_GAP52496.1_6_25": 0.7593323795636376,
  "bass_01_all_01_KDN80932.1_1_22": 0.9899892411838515,
  "bass_01_all_01_KIF69816.1_7_27": 0.059835650112595166,
  "bass_01_all_01_KNE83477.1_5_27": 0.9999965734899589,
  "bass_01_all_01_KOG49630.1_15_35": 0.9999977790595412,
  "bass_01_all_01_KQX36889.1_7_27": 0.05993590592968909,
  "bass_01_all_01_KRD00690.1_7_27": 0.009955628294066377,
  "bass_01_all_01_KUL32081.1_6_26": 0.9999977790595412,
  "bass_01_all_01_KUO05395.1_13_29": 0.0,
  "bass_01_all_01_KUO13099.1_10_30": 0.0,
  "bass_01_all_01_OBQ48332.1_7_28": 0.9999977790595412,
  "bass_01_all_01_OEV05529.1_1_23": 0.9999978626578755,
  "bass_01_all_01_OEV14114.1_4_27": 0.9999978626578755,
  "bass_01_all_01_OEV29760.1_5_27": 0.9999978626578755,
  "bass_01_all_01_OKH98982.1_11_31": 0.9999977790595412,
  "bass_01_all_01_OKJ57450.1_12_34": 0.9999977790595412,
  "bass_01_all_01_OKJ58916.1_7_27": 0.8994909276905041,
  "bass_01_all_01_OMI38968.1_14_33": 0.0,
  "bass_01_all_01_OSY53090.1_6_26": 0.07988292041117652,
  "bass_01_all_01_OWA23404.1_7_27": 0.2396142776389052,
  "bass_01_all_01_OXL24360.1_5_25": 0.0,
  "bass_01_all_01_PIF86474.1_8_27": 0.5997655906248109,
  "bass_01_all_01_PIG02277.1_1_22": 0.9999965734899589,
  "bass_01_all_01_PJN34549.1_6_29": 0.9999977790595412,
  "bass_01_all_01_PSM41355.1_5_27": 0.9999965734899589,
  "bass_01_all_01_SBU87863.1_7_27": 0.7694300644157519,
  "bass_01_all_01_SCE17642.1_1_23": 0.9999977790595412,
  "bass_01_all_01_SED09724.1_8_31": 0.9999978626578755,
  "bass_01_all_01_SEH02571.1_7_32": 0.9999977790595412,
  "bass_01_all_01_SEP84959.1_1_23": 0.9099671071086494,
  "bass_01_all_01_SEU47807.1_1_22": 0.9999978626578755,
  "bass_01_all_01_SFD26332.1_22_40": 0.0,
  "bass_01_nlr_01_AOS61467.1_22_36": 0.0,
  "bass_01_nlr_01_ASO18266.1_18_40": 0.9999977790595412,
  "bass_01_nlr_01_KOT44694.1_7_32": 0.9999978626578755,
  "bass_01_nlr_01_SMF86310.1_15_38": 0.9999977790595412,
  "bass_01_nlr_01_SMF86318.1_13_32": 0.0,
  "bass_02_all_02_EGX59650.1_15_35": 0.9999977790595412,
  "bass_02_all_02_GAX57889.1_3_21": 0.3295874882619587,
  "bass_02_all_02_PKV69821.1_6_25": 0.9999965734899589,
  "bass_02_all_02_SDN39945.1_8_26": 0.9999829049801522,
  "bass_02_all_04_ATY15809.1_11_26": 0.0,
  "bass_02_all_04_GAX57101.1_29_41": 0.5396207397494865,
  "bass_02_all_04_OAR26403.1_8_20": 0.9999965734899589,
  "bass_02_all_04_SCE87658.1_25_37": 0.039955628294066375,
  "bass_02_all_04_SDD78461.1_13_28": 0.9999977790595412,
  "bass_02_all_04_SFD29412.1_23_35": 0.9999965734899589,
  "bass_02_all_24_GAQ51672.1_12_33": 0.9999977790595412,
  "bass_02_all_24_KUL50315.1_14_34": 0.9999978626578755,
  "bass_02_all_37_OIK24035.1_23_41": 0.7499187578346737,
  "bass_02_all_37_OLT47852.1_6_22": 0.9699536591465442,
  "bass_02_all_37_OLZ72816.1_12_31": 0.8099296089823322,
  "bass_02_all_67_ONF61741.1_9_26": 0.8499296089823324,
  "bass_02_all_67_SEH04084.1_17_37": 0.9999978626578755,
  "bass_02_nlr_03_EXG81266.1_14_32": 0.0,
  "bass_02_nlr_03_KWV32606.1_13_32": 0.9999977790595412,
  "bass_02_nlr_03_ONF61740.1_2_18": 0.9899373229051847,
  "bass_02_nlr_03_PKT70377.1_36_55": 0.9999965734899589,
  "bass_02_nlr_03_PRY19311.1_18_36": 0.8099296089823322,
  "bass_02_nlr_03_SEN27171.1_34_53": 0.8499296089823324,
  "bass_02_nlr_03_SFP19392.1_21_40": 0.9999978626578755,
  "bass_02_nlr_03_SHE94357.1_22_41": 0.9999965734899589,
  "bass_02_nlr_12_GAX57891.1_16_37": 0.9999978626578755,
  "bass_02_str_02_AMW10320.1_15_35": 0.9999978626578755,
  "bass_02_str_02_ANN18894.1_19_38": 0.9999977790595412,
  "bass_02_str_02_KUN75534.1_6_28": 0.059994923419808915,
  "bass_02_str_02_OAB01747.1_14_35": 0.0,
  "bass_02_str_02_OAH10245.1_16_36": 0.9999795456858216,
  "bass_02_str_02_OKI36072.1_3_22": 0.0,
  "bass_02_str_02_OKI53302.1_16_35": 0.8499296089823324,
  "bass_02_str_02_OSC71126.1_16_36": 0.9999977790595412,
  "bass_02_str_02_OWU99816.1_6_28": 0.9999977790595412,
  "bass_02_str_02_PCG87455.1_16_35": 0.029964439236942416,
  "bass_02_str_02_SCE01878.1_9_29": 0.9999978626578755,
  "bass_02_str_02_SCE36439.1_17_36": 0.9899905406284393,
  "bass_02_str_02_SCK34650.1_17_36": 0.07975847891531487,
  "bass_02_str_02_SCK50479.1_5_23": 0.9499129889063886,
  "bass_02_str_02_SCL34400.1_14_36": 0.9999978626578755,
  "bass_02_str_02_SEG79912.1_5_26": 0.9999978626578755,
  "bass_02_str_02_SNT46039.1_7_29": 0.0,
  "bass_02_str_10_CCH15801.1_7_28": 0.9999977790595412,
  "bass_02_str_10_KKK06043.1_20_36": 0.1296487106934682,
  "bass_02_str_10_ORT49028.1_19_40": 0.9999965734899589,
  "bass_02_str_10_PNE33479.1_16_38": 0.9999977790595412,
  "bass_02_str_10_SCF14848.1_8_29": 0.9999978626578755,
  "bass_02_str_10_SCK50496.1_18_37": 0.01,
  "bass_03_all_03_AJC53635.1_13_33": 0.9999977790595412,
  "bass_03_all_03_ONI86674.1_13_32": 0.9099671071086494,
  "bass_03_all_03_ONI86978.1_24_39": 0.009955628294066377,
  "bass_03_all_03_ONI87101.1_8_20": 0.989841967735172,
  "bass_03_all_03_ORT49016.1_5_21": 0.7799244965132809,
  "bass_03_all_03_PKB26148.1_4_24": 0.9999978626578755,
  "bass_03_all_03_PTA47471.1_13_33": 0.9999905406284393,
  "bass_03_all_03_PVC80771.1_13_31": 0.0,
  "bass_03_all_03_SDZ30256.1_4_18": 0.33936812218578233,
  "bass_03_cya_15_BBC24758.1_5_22": 0.7698432114369718,
  "bass_03_nlr_09_AFZ27510.1_6_25": 0.9298045163754503,
  "bass_03_nlr_09_ALB43288.1_2_21": 0.9999635248222257,
  "bass_03_nlr_09_PSL52708.1_22_40": 0.0,
  "bass_03_nlr_09_SDT82687.1_32_51": 0.9999965734899589,
  "bass_03_nlr_09_SFW86808.1_23_40": 0.11974718961806509,
  "bass_03_str_06_OIJ99864.1_16_37": 0.9999977790595412,
  "bass_03_str_06_SDM63858.1_5_26": 0.9999977790595412,
  "bass_03_str_06_SEO98883.1_3_24": 0.9999977790595412,
  "bass_03_str_06_SFY52717.1_16_37": 0.9999977790595412,
  "bass_04_cya_02_AFY38363.1_7_31": 0.9999977790595412,
  "bass_04_cya_02_BAU63957.1_12_31": 0.9999792851911316,
  "bass_04_cya_02_BAZ20405.1_41_61": 0.9999931866861731,
  "bass_04_cya_02_BBD58560.1_5_30": 0.9999977790595412,
  "bass_04_cya_02_OYD94772.1_10_31": 0.9999977790595412,
  "bass_04_cya_02_OYE01066.1_9_30": 0.9999977790595412,
  "bass_04_cya_02_PPJ64013.1_3_26": 0.9999977790595412,
  "bass_04_nlr_13_BAZ86410.1_11_33": 0.9999977790595412,
  "bass_04_nlr_13_PRY21118.1_27_49": 0.9999978626578755,
  "bass_05_all_07_ARI84451.1_4_14": 0.999962225377638,
  "bass_05_all_07_ELP53489.1_4_14": 0.9398652993740495,
  "bass_05_cya_01_BAZ70469.1_6_24": 0.08981162369379204,
  "bass_05_nlr_08_ACK70197.1_1_28": 0.9999965734899589,
  "bass_05_nlr_08_AFW94441.1_1_28": 0.999964376565402,
  "bass_05_nlr_08_BAY32777.1_1_28": 0.9999977790595412,
  "bass_05_nlr_08_GAX34747.1_1_28": 0.9899827821737718,
  "bass_05_nlr_08_KIF35509.1_1_28": 0.9999965734899589,
  "bass_05_nlr_08_KOP25803.1_1_28": 0.9699121709747957,
  "bass_05_nlr_08_KST70146.1_1_28": 0.8893838055265509,
  "bass_05_nlr_08_OCQ99945.1_1_28": 0.9598804200981642,
  "bass_05_nlr_08_OYD91200.1_1_28": 0.9097706369487324,
  "bass_05_nlr_08_OYQ63523.1_25_52": 0.9899694559167435,
  "bass_06_all_09_AQW51769.1_5_24": 0.0,
  "bass_06_nlr_30_ALO95113.1_14_36": 0.9999978626578755,
  "bass_06_nlr_30_OKK16601.1_13_32": 0.3497824300543291,
  "bass_06_nlr_30_OMI38030.1_14_36": 0.9999977790595412,