{
  "HRAM_PF14479_001_CAP61093.1_3_22": 0.005268972953572489,
  "HRAM_PF14479_001_CEG02763.1_11_26": 0.264369245525578,
  "HRAM_PF14479_001_CVL06861.1_7_26": 0.07613564776387696,
  "HRAM_PF14479_001_EGU74156.1_22_42": 0.999999999625794,
  "HRAM_PF14479_001_EGU79492.1_14_36": 1.0,
  "HRAM_PF14479_001_EHK23055.1_6_24": 0.3032987768231881,
  "HRAM_PF14479_001_EKJ74395.1_6_25": 0.999991541598034,
  "HRAM_PF14479_001_EKJ79121.1_4_22": 0.1768957857531346,
  "HRAM_PF14479_001_ENH70188.1_7_26": 0.029779630831024573,
  "HRAM_PF14479_001_EWG55497.1_5_27": 0.9999999989430624,
  "HRAM_PF14479_001_EXM20378.1_6_27": 0.9999999999999658,
  "HRAM_PF14479_001_KFY03087.1_9_31": 1.0,
  "HRAM_PF14479_001_KIL90044.1_4_26": 0.9999999996167184,
  "HRAM_PF14479_001_KJZ72271.1_2_21": 0.23677232446532456,
  "HRAM_PF14479_001_KXX79286.1_11_31": 1.0,
  "HRAM_PF14479_001_OAA72906.1_3_21": 0.8769735302112219,
  "HRAM_PF14479_001_OBS23225.1_4_26": 0.9999999999990608,
  "HRAM_PF14479_001_OPB43886.1_6_26": 1.0,
  "HRAM_PF14479_001_PNP48902.1_6_27": 0.999999999965755,
  "HRAM_PF14479_001_SCO19465.1_8_26": 0.9998964233801073,
  "HRAM_PF14479_001_SCO75794.1_5_21": 0.8574423090650597,
  "HRAM_PF14479_001_SCO78478.1_11_32": 0.9999999999995199,
  "HRAM_PF14479_003_KFZ24428.1_11_29": 0.0049243869036270415,
  "HRAM_PF14479_003_OJD10872.1_22_40": 1.623862226885545e-05,
  "HRAM_PF14479_013_OAQ58132.1_8_22": 0.9952710915824048,
  "HRAM_PF17111_005_KFZ24428.1_14_31": 0.3898827889852673,
  "HRAM_PF17111_005_KXL48428.1_13_29": 0.9995177744157003,
  "HRAM_PF17111_007_EUC39746.1_9_27": 6.347276988557329e-08,
  "HRAM_PF17111_007_EXJ77535.1_4_24": 1.0,
  "HRAM_PF17111_007_OAP54479.1_4_24": 0.999999999998676,
  "HRAM_PF17111_007_OQV11244.1_5_24": 0.056411767983481034,
  "PF010040_PF01048_040_CEJ92447.1_8_24": 0.6017203893551113,
  "PF010040_PF01048_040_CRJ82730.1_11_30": 3.751490614917105e-09,
  "PF010040_PF01048_040_EGY20718.1_6_26": 0.9999993710971323,
  "PF010040_PF01048_040_KFY75686.1_1_27": 0.9955381605239748,
  "PP_PF01048_025_OQD90284.1_23_33": 0.999997773003838,
  "PP_PF14479_004_KUM66967.1_11_25": 0.34287548095255616,
  "PP_PF17107_022_CEF83062.1_8_30": 0.9999999999893723,
  "PP_PF17107_022_EON63736.1_12_31": 0.9995978227411022,
  "PP_PF17107_022_ERF75269.1_42_61": 0.9999938388618776,
  "PP_PF17107_022_KFY17840.1_5_24": 0.9999953822670054,
  "PP_PF17107_022_KLO97530.1_11_28": 8.595323535622052e-08,
  "PP_PF17107_022_KNG47734.1_4_28": 0.9999999999955906,
  "PP_PF17107_022_KZM25282.1_6_24": 0.2276044622552525,
  "PP_PF17107_022_OBT39270.1_5_24": 0.9999999999904903,
  "PP_PF17107_022_OQD74234.1_4_23": 0.9999326129161303,
  "PP_PF17107_022_OQE24399.1_9_26": 0.9904191996464742,
  "PP_PF17107_022_OTA82915.1_7_27": 0.9999999996805486,
  "PP_PF17107_022_PCD20331.1_9_28": 0.9999785972006577,
  "PP_PF17107_022_PNP59222.1_10_29": 0.9999944590095744,
  "PP_PF17107_022_POR32818.1_6_26": 0.9999999999998868,
  "PP_PF17111_004_KOS40823.1_6_23": 0.017004014157476457,
  "PP_PF17111_004_KUM62312.1_8_23": 0.2388758990884862,
  "PP_PF17111_004_PIA96287.1_36_53": 0.4981981740043853,
  "PUASM_PF01048_017_EGX43951.1_35_53": 0.822772609247002,
  "PUASM_PF01048_017_EHK21164.1_23_36": 5.1464805034508e-05,
  "PUASM_PF01048_017_EQB50683.1_9_27": 0.9700309821035339,
  "PUASM_PF01048_017_EWC44493.1_46_64": 0.006078056441721033,
  "PUASM_PF01048_017_GAP93061.2_3_16": 0.9999999996544036,
  "PUASM_PF01048_017_KPM45221.1_14_26": 0.9999999153035902,
  "PUASM_PF01048_017_KZL72125.1_60_74": 0.0018238778130303217,
  "PUASM_PF01048_017_OHW95965.1_58_72": 0.9998110572068618,
  "PUASM_PF01048_017_OLN95573.1_54_67": 0.999957469530829,
  "PUASM_PF01048_017_OOQ86219.1_30_48": 0.9990791378066859,
  "sigma_PF07819_032_EXL67905.1_34_47": 1.2327991605042365e-05,
  "sigma_PF07819_032_KOC12912.1_19_32": 0.001991788164188681,
  "sigma_PF07819_032_OWT42487.1_15_27": 0.02987463464614721,
  "sigma_PF17107_001_CCF38037.1_17_37": 0.02777669305490555,
  "sigma_PF17107_001_DAA77537.1_31_53": 0.9999007976109912,
  "sigma_PF17107_001_EGD95927.1_31_53": 0.9999999998372893,
  "sigma_PF17107_001_KKP06489.1_14_37": 0.9996275953507501,
  "sigma_PF17107_001_KXH35434.1_6_26": 0.0022225317981753663,
  "sigma_PF17107_001_OQO14028.1_17_33": 2.792005334778126e-07,
  "sigma_PF17111_006_ELA24066.1_3_24": 0.9999999998445941,
  "sigma_PF17111_006_EXK93331.1_62_78": 0.031136283414444986,
  "sigma_PF17111_006_OQE25540.1_7_26": 0.04360266568351552,
  "sigma_PF17111_006_OQE41123.1_11_33": 0.9998460687329356,
  "sigma_PF17111_006_PCD31295.1_54_74": 0.9999999999829667
}