{
  "HRAM_PF14479_001_CAP61093.1_3_22": 0.0072918422520160675,
  "HRAM_PF14479_001_CEG02763.1_11_26": 0.005633522756397724,
  "HRAM_PF14479_001_CVL06861.1_7_26": 0.005782946012914181,
  "HRAM_PF14479_001_EGU74156.1_22_42": 0.9594911932945251,
  "HRAM_PF14479_001_EGU79492.1_14_36": 0.9594864845275879,
  "HRAM_PF14479_001_EHK23055.1_6_24": 0.012959074229001999,
  "HRAM_PF14479_001_EKJ74395.1_6_25": 0.9555011987686157,
  "HRAM_PF14479_001_EKJ79121.1_4_22": 0.005609690677374601,
  "HRAM_PF14479_001_ENH70188.1_7_26": 0.005609690677374601,
  "HRAM_PF14479_001_EWG55497.1_5_27": 0.9594911932945251,
  "HRAM_PF14479_001_EXM20378.1_6_27": 0.9594911932945251,
  "HRAM_PF14479_001_KFY03087.1_9_31": 0.9594864845275879,
  "HRAM_PF14479_001_KIL90044.1_4_26": 0.9594911932945251,
  "HRAM_PF14479_001_KJZ72271.1_2_21": 0.005773607641458511,
  "HRAM_PF14479_001_KXX79286.1_11_31": 0.9594864845275879,
  "HRAM_PF14479_001_OAA72906.1_3_21": 0.6204427480697632,
  "HRAM_PF14479_001_OBS23225.1_4_26": 0.9594911932945251,
  "HRAM_PF14479_001_OPB43886.1_6_26": 0.9594864845275879,
  "HRAM_PF14479_001_PNP48902.1_6_27": 0.9594911932945251,
  "HRAM_PF14479_001_SCO19465.1_8_26": 0.013341457583010197,
  "HRAM_PF14479_001_SCO75794.1_5_21": 0.03127400949597359,
  "HRAM_PF14479_001_SCO78478.1_11_32": 0.9594864845275879,
  "HRAM_PF14479_003_KFZ24428.1_11_29": 0.010437671095132828,
  "HRAM_PF14479_003_OJD10872.1_22_40": 0.005609690677374601,
  "HRAM_PF14479_013_OAQ58132.1_8_22": 0.838848888874054,
  "HRAM_PF17111_005_KFZ24428.1_14_31": 0.15397973358631134,
  "HRAM_PF17111_005_KXL48428.1_13_29": 0.8690178990364075,
  "HRAM_PF17111_007_EUC39746.1_9_27": 0.005609690677374601,
  "HRAM_PF17111_007_EXJ77535.1_4_24": 0.9594864845275879,
  "HRAM_PF17111_007_OAP54479.1_4_24": 0.9594911932945251,
  "HRAM_PF17111_007_OQV11244.1_5_24": 0.0057821269147098064,
  "PF010040_PF01048_040_CEJ92447.1_8_24": 0.005773607641458511,
  "PF010040_PF01048_040_CRJ82730.1_11_30": 0.005609690677374601,
  "PF010040_PF01048_040_EGY20718.1_6_26": 0.9576505422592163,
  "PF010040_PF01048_040_KFY75686.1_1_27": 0.6721872687339783,
  "PP_PF01048_025_OQD90284.1_23_33": 0.9536249041557312,
  "PP_PF14479_004_KUM66967.1_11_25": 0.05815386772155762,
  "PP_PF17107_022_CEF83062.1_8_30": 0.9594911932945251,
  "PP_PF17107_022_EON63736.1_12_31": 0.946800172328949,
  "PP_PF17107_022_ERF75269.1_42_61": 0.956378698348999,
  "PP_PF17107_022_KFY17840.1_5_24": 0.9557382464408875,
  "PP_PF17107_022_KLO97530.1_11_28": 0.005609690677374601,
  "PP_PF17107_022_KNG47734.1_4_28": 0.9594911932945251,
  "PP_PF17107_022_KZM25282.1_6_24": 0.01501352060586214,
  "PP_PF17107_022_OBT39270.1_5_24": 0.9594864845275879,
  "PP_PF17107_022_OQD74234.1_4_23": 0.9547172784805298,
  "PP_PF17107_022_OQE24399.1_9_26": 0.1617821753025055,
  "PP_PF17107_022_OTA82915.1_7_27": 0.9576505422592163,
  "PP_PF17107_022_PCD20331.1_9_28": 0.9541441202163696,
  "PP_PF17107_022_PNP59222.1_10_29": 0.9566464424133301,
  "PP_PF17107_022_POR32818.1_6_26": 0.9594911932945251,
  "PP_PF17111_004_KOS40823.1_6_23": 0.005609690677374601,
  "PP_PF17111_004_KUM62312.1_8_23": 0.005609690677374601,
  "PP_PF17111_004_PIA96287.1_36_53": 0.006925616413354874,
  "PUASM_PF01048_017_EGX43951.1_35_53": 0.005609690677374601,
  "PUASM_PF01048_017_EHK21164.1_23_36": 0.005774426274001598,
  "PUASM_PF01048_017_EQB50683.1_9_27": 0.005609690677374601,
  "PUASM_PF01048_017_EWC44493.1_46_64": 0.006081826984882355,
  "PUASM_PF01048_017_GAP93061.2_3_16": 0.9576505422592163,
  "PUASM_PF01048_017_KPM45221.1_14_26": 0.9560719728469849,
  "PUASM_PF01048_017_KZL72125.1_60_74": 0.0060966056771576405,
  "PUASM_PF01048_017_OHW95965.1_58_72": 0.9519456624984741,
  "PUASM_PF01048_017_OLN95573.1_54_67": 0.9537193179130554,
  "PUASM_PF01048_017_OOQ86219.1_30_48": 0.005609690677374601,
  "sigma_PF07819_032_EXL67905.1_34_47": 0.005609690677374601,
  "sigma_PF07819_032_KOC12912.1_19_32": 0.005609690677374601,
  "sigma_PF07819_032_OWT42487.1_15_27": 0.005609690677374601,
  "sigma_PF17107_001_CCF38037.1_17_37": 0.005609690677374601,
  "sigma_PF17107_001_DAA77537.1_31_53": 0.4478430449962616,
  "sigma_PF17107_001_EGD95927.1_31_53": 0.9594911932945251,
  "sigma_PF17107_001_KKP06489.1_14_37": 0.012867527082562447,
  "sigma_PF17107_001_KXH35434.1_6_26": 0.005609690677374601,
  "sigma_PF17107_001_OQO14028.1_17_33": 0.005609690677374601,
  "sigma_PF17111_006_ELA24066.1_3_24": 0.9594911932945251,
  "sigma_PF17111_006_EXK93331.1_62_78": 0.005609690677374601,
  "sigma_PF17111_006_OQE25540.1_7_26": 0.005609690677374601,
  "sigma_PF17111_006_OQE41123.1_11_33": 0.7492976784706116,
  "sigma_PF17111_006_PCD31295.1_54_74": 0.9594864845275879
}