{
  "HRAM_PF14479_001_CAP61093.1_3_22": 0.0,
  "HRAM_PF14479_001_CEG02763.1_11_26": 0.04988415830023306,
  "HRAM_PF14479_001_CVL06861.1_7_26": 0.0,
  "HRAM_PF14479_001_EGU74156.1_22_42": 0.9999965734899589,
  "HRAM_PF14479_001_EGU79492.1_14_36": 0.9999977790595412,
  "HRAM_PF14479_001_EHK23055.1_6_24": 0.2798018893548074,
  "HRAM_PF14479_001_EKJ74395.1_6_25": 0.9899357870496902,
  "HRAM_PF14479_001_EKJ79121.1_4_22": 0.0,
  "HRAM_PF14479_001_ENH70188.1_7_26": 0.0298882547878854,
  "HRAM_PF14479_001_EWG55497.1_5_27": 0.9999965734899589,
  "HRAM_PF14479_001_EXM20378.1_6_27": 0.9999978626578755,
  "HRAM_PF14479_001_KFY03087.1_9_31": 0.9999977790595412,
  "HRAM_PF14479_001_KIL90044.1_4_26": 0.9999965734899589,
  "HRAM_PF14479_001_KJZ72271.1_2_21": 0.0398882547878854,
  "HRAM_PF14479_001_KXX79286.1_11_31": 0.9999978626578755,
  "HRAM_PF14479_001_OAA72906.1_3_21": 0.3794711533170144,
  "HRAM_PF14479_001_OBS23225.1_4_26": 0.9999977790595412,
  "HRAM_PF14479_001_OPB43886.1_6_26": 0.9999978626578755,
  "HRAM_PF14479_001_PNP48902.1_6_27": 0.9999919598873954,
  "HRAM_PF14479_001_SCO19465.1_8_26": 0.7898555671694024,
  "HRAM_PF14479_001_SCO75794.1_5_21": 0.17970844193059338,
  "HRAM_PF14479_001_SCO78478.1_11_32": 0.9999977790595412,
  "HRAM_PF14479_003_KFZ24428.1_11_29": 0.009976587337446295,
  "HRAM_PF14479_003_OJD10872.1_22_40": 0.0,
  "HRAM_PF14479_013_OAQ58132.1_8_22": 0.5197536086252231,
  "HRAM_PF17111_005_KFZ24428.1_14_31": 0.21921858426626473,
  "HRAM_PF17111_005_KXL48428.1_13_29": 0.7996669764164814,
  "HRAM_PF17111_007_EUC39746.1_9_27": 0.0,
  "HRAM_PF17111_007_EXJ77535.1_4_24": 0.9999978626578755,
  "HRAM_PF17111_007_OAP54479.1_4_24": 0.999996657088293,
  "HRAM_PF17111_007_OQV11244.1_5_24": 0.00992854320247455,
  "PF010040_PF01048_040_CEJ92447.1_8_24": 0.10988950335679469,
  "PF010040_PF01048_040_CRJ82730.1_11_30": 0.0,
  "PF010040_PF01048_040_EGY20718.1_6_26": 0.9999874213805975,
  "PF010040_PF01048_040_KFY75686.1_1_27": 0.6395943737871594,
  "PP_PF01048_025_OQD90284.1_23_33": 0.9799600492197973,
  "PP_PF14479_004_KUM66967.1_11_25": 0.16960679755651473,
  "PP_PF17107_022_CEF83062.1_8_30": 0.9999977790595412,
  "PP_PF17107_022_EON63736.1_12_31": 0.8897587345298393,
  "PP_PF17107_022_ERF75269.1_42_61": 0.9999459226460479,
  "PP_PF17107_022_KFY17840.1_5_24": 0.9899357870496902,
  "PP_PF17107_022_KLO97530.1_11_28": 0.0,
  "PP_PF17107_022_KNG47734.1_4_28": 0.9999977790595412,
  "PP_PF17107_022_KZM25282.1_6_24": 0.0,
  "PP_PF17107_022_OBT39270.1_5_24": 0.9999978626578755,
  "PP_PF17107_022_OQD74234.1_4_23": 0.9597445980692463,
  "PP_PF17107_022_OQE24399.1_9_26": 0.5196360658575307,
  "PP_PF17107_022_OTA82915.1_7_27": 0.9999965734899589,
  "PP_PF17107_022_PCD20331.1_9_28": 0.9698778808251767,
  "PP_PF17107_022_PNP59222.1_10_29": 0.9999767192037623,
  "PP_PF17107_022_POR32818.1_6_26": 0.9999977790595412,
  "PP_PF17111_004_KOS40823.1_6_23": 0.0,
  "PP_PF17111_004_KUM62312.1_8_23": 0.0,
  "PP_PF17111_004_PIA96287.1_36_53": 0.059866672764511124,
  "PUASM_PF01048_017_EGX43951.1_35_53": 0.009955628294066377,
  "PUASM_PF01048_017_EHK21164.1_23_36": 0.0,
  "PUASM_PF01048_017_EQB50683.1_9_27": 0.009987881944920424,
  "PUASM_PF01048_017_EWC44493.1_46_64": 0.0,
  "PUASM_PF01048_017_GAP93061.2_3_16": 0.999990387713569,
  "PUASM_PF01048_017_KPM45221.1_14_26": 0.9999668395835009,
  "PUASM_PF01048_017_KZL72125.1_60_74": 0.01,
  "PUASM_PF01048_017_OHW95965.1_58_72": 0.9697030249638271,
  "PUASM_PF01048_017_OLN95573.1_54_67": 0.9498655865478801,
  "PUASM_PF01048_017_OOQ86219.1_30_48": 0.4596288107660673,
  "sigma_PF07819_032_EXL67905.1_34_47": 0.0,
  "sigma_PF07819_032_KOC12912.1_19_32": 0.0,
  "sigma_PF07819_032_OWT42487.1_15_27": 0.0,
  "sigma_PF17107_001_CCF38037.1_17_37": 0.01,
  "sigma_PF17107_001_DAA77537.1_31_53": 0.7297295260439938,
  "sigma_PF17107_001_EGD95927.1_31_53": 0.9999965734899589,
  "sigma_PF17107_001_KKP06489.1_14_37": 0.7098712439797515,
  "sigma_PF17107_001_KXH35434.1_6_26": 0.01,
  "sigma_PF17107_001_OQO14028.1_17_33": 0.0,
  "sigma_PF17111_006_ELA24066.1_3_24": 0.9999977790595412,
  "sigma_PF17111_006_EXK93331.1_62_78": 0.0,
  "sigma_PF17111_006_OQE25540.1_7_26": 0.0,
  "sigma_PF17111_006_OQE41123.1_11_33": 0.5197784903920423,
  "sigma_PF17111_006_PCD31295.1_54_74": 0.9999978626578755
}